"date","prcp","tx","tn","HRmean","HRmax","HRmin","presionMean","presionMax","presionMin","dir","dir123","vel","radMean","radMax"
2022-03-01,2.2,14.51,5.067,81.8228125,95.5,59.39,646.544791666667,648.2,644.7,96.2,"E",29.268,132.228364583333,1330
2022-03-02,0,15.66,4.068,82.1453125,99.5,52.22,645.909375,647.2,643.6,223.2,"SW",25.632,355.13534375,1233
2022-03-03,11.8,14.52,6.39,88.5825,96.6,59.45,645.7875,647.6,643.7,228.7,"SW",17.4276,140.69384375,1353
2022-03-04,0,16.95,5.128,80.2586458333333,99.2,47.81,645.283333333333,646.6,643.6,107.9,"ESE",25.488,243.679791666667,1304
2022-03-05,0,16.32,4.906,75.8854166666667,97.3,49.58,644.855208333333,646.5,642.8,75.87,"E",23.3136,277.58428125,1451
2022-03-06,0,16.58,5.108,81.0189583333333,98.4,52.18,644.257291666667,645.5,642.2,102.1,"E",27.3168,240.098552083333,1317
2022-03-07,0,16.95,4.775,81.0329166666667,96.7,43.38,643.854166666667,645.3,642.2,225.7,"SW",26.5248,278.08696875,1175
2022-03-08,0,14.81,5.32,76.8647916666667,97,47.91,644.915625,646.4,642.9,103.6,"E",29.808,275.6746875,1383
2022-03-09,0.2,14.13,3.804,85.7952083333333,98.7,55.76,644.753125,645.9,643.4,255.2,"W",23.9364,210.162833333333,1332
2022-03-10,1.6,13.06,3.461,86.1810416666667,98,58.29,644.380208333333,645.5,642.5,200.8,"SSW",20.8908,172.226375,1203
2022-03-11,11.8,11.76,5.491,93.1440625,99.1,73.63,644.609375,645.8,643,212.3,"SSW",16.686,99.8332395833333,804
2022-03-12,10.8,10.65,5.078,96.1760416666667,100,85.5,644.742708333333,645.8,643.7,256.2,"W",21.0636,137.486677083333,1252
2022-03-13,1.8,13.43,4.047,93.774375,100,71.48,645.078125,646.2,643.7,257.8,"W",23.7888,213.044385416667,1451
2022-03-14,10.4,11.14,4.826,93.7653125,100,78.79,645.271875,646.6,644.3,275.6,"W",22.0104,133.477697916667,778.9
2022-03-15,18.2,7.965,2.674,92.0822916666667,99.8,82.3,646.252083333333,647.9,644.9,91.6,"E",17.4564,105.853114583333,683.1
2022-03-16,0.6,11.42,4.18,87.6316666666667,98.4,69.22,645.328125,646.8,643.6,254,"WSW",24.156,219.493583333333,1279
2022-03-17,0.2,15.91,2.562,83.0239583333333,100,49.55,644.70625,645.9,642.9,309.8,"NW",21.0924,286.945,1309
2022-03-18,19,15.34,4.31,84.1617708333333,98.7,57.54,645.976041666667,647.7,644.4,253,"WSW",25.002,259.770260416667,1034
2022-03-19,12.8,13.3,4.775,90.4858333333333,97.9,65.35,647.089583333333,648.1,645.9,66.75,"ENE",17.352,132.974083333333,1343
2022-03-20,17.4,10.83,5.906,94.8669791666667,100,77.65,646.679166666667,647.8,645.1,343.5,"NNW",16.3188,109.87771875,523.6
2022-03-21,0.2,15.35,5.32,86.5515625,100,59.89,645.577083333333,647.1,643.7,206.4,"SSW",24.5664,278.543541666667,1304
2022-03-22,0,15.28,7.036,86.1742708333333,100,63.26,644.940625,646.2,643.1,241,"WSW",25.2432,338.019260416667,1218
2022-03-23,0,16.36,4.37,81.0538541666667,99.9,49.36,644.432291666667,645.9,642.1,255.8,"W",21.2256,342.234666666667,1188
2022-03-24,5.8,15.16,6.29,90.279375,100,55.45,644.55,645.9,643.2,119.2,"ESE",23.5008,125.4770625,950
2022-03-25,0.4,14.92,6.794,89.0027083333333,98.9,63.96,644.9625,646.4,643.3,245.5,"WSW",21.4848,234.53040625,1315
2022-03-26,8.8,10.83,6.733,95.93375,100,76.26,644.99375,646.5,643.7,301.8,"WNW",19.1988,112.77115625,723.3
2022-03-27,0.8,14.65,6.471,80.7914583333333,99,56.89,646.267708333333,648,644.8,104,"E",23.9616,194.9871875,1527
2022-03-28,0,15.84,4.472,81.5526041666667,98.7,57.8,647.329166666667,649.1,645.6,333.4,"NNW",18.2268,166.894541666667,1224
2022-03-29,0,17.44,2.916,74.3646875,99.5,20.65,645.671875,647.4,643.5,280.8,"W",21.6396,338.377427083333,1125
2022-03-30,0,16.63,5.462,78.0358333333333,97,47.86,644.614583333333,645.8,642.8,90.5,"E",23.0256,274.941260416667,1446
2022-03-31,4.2,13.75,4.552,88.9146875,100,68.04,644.766666666667,646,643.7,257.3,"W",22.0392,145.612729166667,880
2022-04-01,0,14,4.432,88.8344791666667,100,64.08,645.59375,646.8,644.4,220.5,"SW",23.6124,265.737083333333,1198
2022-04-02,1,13.79,4.25,84.4921875,100,58.71,645.532291666667,646.5,644.2,252.2,"WSW",21.438,285.861885416667,1231
2022-04-04,0,15.4,3.482,80.9748958333333,99.1,56.26,645.959375,647.1,644.7,277.5,"W",23.8716,259.292625,1309
2022-04-05,0.2,15.56,3.32,83.636875,99.3,60.15,646.855208333333,648.1,645.2,248.8,"WSW",23.6628,317.143729166667,1163
2022-04-06,0,15,4.724,84.811875,99.8,56.03,646.697916666667,647.9,645.2,276.6,"W",25.83,275.100510416667,1221
2022-04-07,0,14.13,5.219,86.0115625,99.2,62.97,645.948958333333,647,644,267.7,"W",23.202,193.56821875,1299
2022-04-08,0,14.01,5.088,85.6096875,100,60.98,646.257291666667,647.5,644.8,243.6,"WSW",26.73,227.013739583333,1317
2022-04-09,0,14.77,4.462,85.8141666666667,96.6,58.69,646.386458333333,648.3,644.7,243,"WSW",22.0428,256.840927083333,1294
2022-04-10,0.4,15.4,2.471,83.3791666666667,100,54.03,644.7125,646.4,642.8,245.9,"WSW",24.0444,273.3799375,1160
2022-04-11,0.2,16.8,3.936,82.4460416666667,100,49.49,643.830208333333,645.1,642.1,233.9,"SW",23.1444,257.124885416667,1276
2022-04-12,0,17.81,1.328,75.551875,100,13.53,644.164583333333,645.6,642.6,241.5,"WSW",23.6016,299.904510416667,1056
2022-04-13,0,15.85,-0.988,65.4272916666667,94.2,19.15,645.041666666667,646.6,643.5,262.7,"W",23.76,310.299145833333,1067
2022-04-14,0,14.58,2.896,84.42125,99.6,50.6,645.748958333333,647.1,643.9,281.2,"W",24.192,284.511604166667,1135
2022-04-15,0,16.24,2.532,78.3627083333333,100,30.79,645.126041666667,646.5,643.3,331.9,"NNW",23.544,298.51328125,1041
2022-04-16,0,16.56,0.884,72.1983333333333,97.2,36.74,644.459375,645.8,642.9,254.1,"WSW",24.6708,303.81246875,1061
2022-04-17,0,15.79,-1.96,74.009375,98.9,23.65,644.758333333333,646.2,642.9,255.6,"W",25.5204,289.102645833333,1130
2022-04-18,0,15.4,-0.178,74.611875,99,29.37,645.404166666667,646.7,643.8,263.7,"W",23.6124,296.631302083333,1041
2022-04-19,0,16.69,-1.372,69.9310416666667,98,21.58,645.4125,646.5,643.9,267.4,"W",23.7132,298.457802083333,1023
2022-04-20,0,14.49,-1.413,75.6005208333333,100,33.79,645.927083333333,647.1,644.4,262.5,"W",26.2476,297.11265625,1039
2022-04-21,0,18.41,-1.859,46.5795833333333,70.58,8.59,645.827083333333,647.2,644.1,223.5,"SW",22.2012,296.434208333333,1033
2022-04-22,0,18.63,-1.392,50.0436458333333,89.1,18.07,644.296875,646.2,642.2,295,"WNW",27.1584,277.241239583333,1001
2022-04-23,0,16.18,-0.502,63.2528125,96.6,17.06,644.460416666667,645.6,643.1,298.4,"WNW",23.7096,282.941770833333,1003
2022-04-24,0,15.92,-0.088,78.9430208333333,100,36.96,645.36875,646.5,644.1,244.7,"WSW",25.8732,271.854020833333,1066
2022-04-25,0,15.35,1.056,80.4439583333333,99.7,40.59,646.114583333333,647.4,644.7,273.4,"W",25.8912,263.26825,1135
2022-04-26,0,17.63,-1.454,67.6647916666667,100,17.86,645.748958333333,647.4,644.2,240.2,"WSW",23.2848,287.022354166667,995
2022-04-27,0,20.01,-1.666,60.610125,91.9,7.882,645.358333333333,646.7,643.4,95.2,"E",27.2232,286.716583333333,1008
2022-04-28,0,18.19,-0.624,73.0129166666667,99.4,27.53,646.4125,648.1,645.2,244.5,"WSW",25.1892,245.185645833333,996
2022-04-29,0,13.63,5.926,86.2611458333333,96.7,59.1,647.746875,649.3,646.2,318.3,"NW",20.2932,87.7274166666667,505.7
2022-04-30,0,13.26,3.38,84.2286458333333,97.3,61.51,646.161458333333,648.2,643.9,291.2,"WNW",23.7852,270.133333333333,976
2022-05-01,0,15.7,0.813,81.6927083333333,97.8,42.03,644.988541666667,646,643.3,266.7,"W",27.2196,259.16096875,1006
2022-05-02,0,13.93,0.59,79.1340625,95.4,42.88,644.932291666667,646.2,643.3,274,"W",25.7652,272.283052083333,966
2022-05-03,0,14.01,1.864,85.4954166666667,98.5,55.52,645.773958333333,647.1,644.6,251.1,"WSW",20.9448,212.314083333333,1142
2022-05-04,0,15.51,1.744,77.57125,94.9,38.48,646.542708333333,648,644.9,258.7,"W",24.2064,274.681875,1092
2022-05-05,0,17.68,-1.879,57.7580208333333,93.1,11.72,647.014583333333,648.2,645.8,308.4,"NW",22.554,274.77084375,975
2022-05-06,0,15.12,-2.648,65.5171875,88.7,33.13,646.935416666667,648.3,645.6,271.5,"W",24.714,271.84253125,960
2022-05-07,0,12.86,-2.162,78.8004166666667,94.2,48.88,646.675,648.1,644.7,279.5,"W",23.6448,268.03253125,961
2022-05-08,0,13.04,-0.168,74.8961458333333,98.2,46.55,645.544791666667,646.7,644,279.6,"W",23.9256,235.758697916667,1254
2022-05-09,0,13.19,0.126,78.6944791666667,98.1,53.84,645.796875,647.4,644.7,267.9,"W",18.8172,260.31365625,970
2022-05-10,0,15.66,1.238,74.7671875,97.6,30.03,646.005208333333,647.3,644,294.4,"WNW",25.002,248.450854166667,960
2022-05-11,1.2,11.82,2.128,86.18,97.9,62.17,646.301041666667,647.5,644.7,315.2,"NW",24.0624,118.415010416667,804
2022-05-12,0,15.12,-2.304,71.3517708333333,100,20.35,645.553125,647.2,643.7,254.2,"WSW",24.192,253.168604166667,1024
2022-05-13,0,16.47,-2.538,66.3353125,91.7,24.26,644.95625,646.1,643.1,269.4,"W",21.9492,257.436489583333,968
2022-05-14,0,15.74,-0.938,66.0603125,91.5,31.29,645.408333333333,646.5,643.6,283.3,"W",26.9028,256.49484375,922
2022-05-15,0,15.66,0.762,57.2434375,93.5,26.82,645.863541666667,647.1,644.3,286.8,"WNW",21.69,260.5353125,948
2022-05-16,0,14.95,-0.846,72.4898958333333,97.4,32.29,646.530208333333,647.8,644.8,247.1,"WSW",26.9172,259.764614583333,925
2022-05-17,0,18.59,-1.726,49.0898958333333,92.9,11.29,646.465625,647.7,644.6,281.8,"W",20.5272,261.01503125,948
2022-05-18,0,17.44,-2.244,53.6972916666667,89.4,15.8,646.653125,647.9,644.9,279.1,"W",21.0924,250.232854166667,915
2022-05-19,0,16.32,-0.229,44.1145833333333,79.69,17.07,645.976041666667,647.1,644.5,316.2,"NW",25.4484,201.405760416667,917
2022-05-20,0,16.4,-2.892,48.9782291666667,70.28,20.17,646.304166666667,647.4,644.7,264.6,"W",22.3668,248.553229166667,920
2022-05-21,0,16.3,-2.992,55.155,83.4,17.96,646.841666666667,648.2,645.2,253.3,"WSW",25.524,248.561458333333,894
2022-05-22,0,15.57,-1.22,42.0244791666667,75.05,18.58,646.110416666667,647.4,644.4,265.1,"W",25.92,235.046802083333,900
2022-05-23,0,16.04,-5.061,48.4652083333333,86.1,10.01,645.345833333333,646.6,643.5,255.1,"W",21.2148,251.373645833333,920
2022-05-24,0,15.92,-6.136,56.7175,84.1,12.26,645.1125,646.6,643.1,270.8,"W",19.3212,250.1209375,907
2022-05-25,0,14.32,-5.152,63.8310416666667,89.6,21.59,646.138541666667,647.5,644.3,249.9,"WSW",23.4612,200.299166666667,811
2022-05-26,0,12.94,-1.13,76.3784375,97.1,48.39,646.558333333333,648.2,644.9,234.3,"SW",24.1668,197.36978125,910
2022-05-27,0,13.74,-4.928,76.0601041666667,100,24.36,645.9875,647.9,644.1,259.9,"W",24.6132,240.199375,879
2022-05-28,0,15.37,-4.077,71.3069791666667,100,23.1,644.639583333333,646.3,642.7,27.93,"NNE",21.6324,223.662791666667,922
2022-05-29,0,15.64,-2.81,67.5146875,89.8,23.97,643.972916666667,645.2,642.5,286.8,"WNW",24.12,239.6101875,877
2022-05-30,0,14,-2.264,72.5894791666667,93.2,39.58,644.067708333333,645.2,642.8,212.5,"SSW",26.7012,240.17,872
2022-05-31,6,8.34,2.056,87.67875,100,73.19,643.24375,644.8,641.8,297.2,"WNW",19.98,72.7673125,344.1
2022-06-01,3.2,11.46,1.763,88.7202083333333,100,65.25,643.325,644.5,642.2,226.6,"SW",20.3688,109.20125,860
2022-06-02,1.2,14.83,3.584,86.1725,100,41.36,644.2625,645.7,643,271.9,"W",22.7448,209.692010416667,965
2022-06-03,0,14.33,0.61,82.2755208333333,100,48.21,645.525,646.6,644.1,252.5,"WSW",25.4484,210.802947916667,1006
2022-06-04,0,15.84,1.116,84.8490625,100,49,645.802083333333,647,644.6,241,"WSW",23.6376,234.624197916667,1016
2022-06-05,0,14.95,1.4,76.4683333333333,95.8,46.33,645.7,647.3,644.3,299.2,"WNW",19.404,208.25965625,996
2022-06-06,0,12.28,0.813,79.6255208333333,94.8,58.99,644.588541666667,645.6,643.4,181.6,"S",23.796,178.146666666667,991
2022-06-07,0,12.8,0.185,73.1260416666667,100,42.52,644.311458333333,645.6,642.5,268.9,"W",24.3792,189.315552083333,1001
2022-06-08,0,14.34,-4.868,43.9197708333333,83.3,6.524,644.304166666667,645.9,642.2,299.9,"WNW",25.1604,246.4603125,905
2022-06-09,0,13.19,-5.224,51.9053125,81.6,9.52,644.652083333333,646.7,643,253.5,"WSW",21.744,246.3343125,885
2022-06-10,0,10.77,-0.928,73.5576041666667,88.5,29.5,646.294791666667,647.5,645.1,276.6,"W",24.6852,128.026604166667,743.5
2022-06-11,0,11.56,-5.061,70.7175,99.4,26.68,645.840625,647.4,643.9,236.8,"WSW",22.4748,234.117979166667,875
2022-06-12,0,12.92,-6.076,60.0073958333333,94.8,18.08,645.873958333333,647.2,644.1,247.5,"WSW",23.1372,237.088979166667,859
2022-06-13,0,12.83,-6.358,57.0394375,84.4,7.427,646.188541666667,647.4,644.5,123.6,"ESE",22.5396,245.252197916667,900
2022-06-14,0,14.94,-7.972,48.2742708333333,83.4,5.587,644.24375,646,642.5,254.4,"WSW",23.0976,245.518020833333,887
2022-06-15,0,14.59,-7.292,43.9280208333333,66.42,14.86,644.794791666667,646.1,643.7,265.8,"W",21.6612,241.655854166667,874
2022-06-16,0,14.69,-6.156,46.695,82.2,19.18,644.322916666667,646,642.7,230.1,"SW",24.9552,238.595572916667,864
2022-06-17,0,15.09,-3.064,55.9373958333333,90.5,17.05,644.347916666667,646.1,643.1,268.6,"W",23.3208,236.971364583333,869
2022-06-18,0,13.11,-2.162,72.0310416666667,95.7,34.13,644.839583333333,646.1,643.3,261,"W",30.672,232.824989583333,852
2022-06-19,0,14.53,-3.996,49.2289583333333,86.1,15.46,645.56875,646.9,644.3,238.7,"WSW",28.1988,238.7323125,862
2022-06-20,0,13.7,-3.885,59.139375,77.19,29.28,645.345833333333,646.8,643.8,242.5,"WSW",22.59,223.088875,859
2022-06-21,0,14.17,0.358,60.5057291666667,91.4,33.47,644.522916666667,646,642.9,33.43,"NNE",25.0776,216.787614583333,905
2022-06-22,0,14.13,-3.51,67.7607291666667,91.8,33.86,644.303125,645.3,642.8,257.6,"W",22.4676,230.9775,849
2022-06-23,0,12.62,-2.892,75.5964583333333,94.7,50.82,645.305208333333,646.6,644,243,"WSW",22.356,180.961708333333,920
2022-06-24,0,15.96,-2.892,55.839375,81.9,23.26,646.919791666667,648.5,645.5,249.3,"WSW",16.9344,236.9064375,856
2022-06-25,0,14,-4.178,44.6769791666667,69.99,15.65,648.28125,649.7,646.8,277.2,"W",22.41,239.213625,864
2022-06-26,0,16.08,-4.878,51.9083333333333,82.5,18.88,646.988541666667,648.9,644.8,237.3,"WSW",18.792,234.852645833333,862
2022-06-27,0,16.99,-4.777,43.1503125,74.62,8.53,646.444791666667,648,644.8,247.3,"WSW",19.62,242.034375,879
2022-06-28,0,17.67,-2.658,48.0630208333333,68.96,21.24,647.20625,648.6,646,333.7,"NNW",19.7964,234.176854166667,877
2022-06-29,0,15.56,-1.99,62.8739583333333,82.2,30.05,647.417708333333,648.9,645.7,254.9,"W",23.472,206.39471875,910
2022-06-30,0,18.65,-4.918,45.8951041666667,85.2,5.02,646.433333333333,648,644.5,268.1,"W",20.844,244.057583333333,887
2022-07-01,0,16.89,-3.682,43.7610416666667,66.42,12.23,645.194791666667,646.3,643.5,293.7,"WNW",26.3124,236.021333333333,874
2022-07-02,0,15.56,-4.898,42.3623958333333,65.7,14.37,646.398958333333,647.7,645.4,231.8,"SW",21.24,218.856291666667,943
2022-07-03,0,14.51,-5.558,38.1779166666667,64.28,11.9,647.9,648.9,646.9,316.9,"NW",19.0872,218.689833333333,874
2022-07-04,0,16.11,-0.31,41.4451041666667,70.23,15.13,647.982291666667,649.3,646.5,281.8,"W",23.1264,213.311385416667,872
2022-07-05,0,16.91,-1.413,49.5983333333333,68.29,20.15,647.2125,648.9,645.5,274.5,"W",24.2244,230.612510416667,857
2022-07-06,0,15.92,-3.054,58.0770833333333,95.6,21.67,645.854166666667,647.4,643.8,257.7,"W",22.5072,240.451489583333,882
2022-07-07,0,17.72,-2.598,56.5430208333333,80.5,21.68,646.120833333333,647.3,644.6,280.2,"W",21.5208,216.56253125,945
2022-07-08,0,13.98,-4.128,70.1188541666667,96.4,38.29,647.05,648.3,645.7,249.8,"WSW",22.1904,228.21525,849
2022-07-09,0,14.57,-2.162,75.0234375,92.4,39.43,646.804166666667,648.3,645.2,251.2,"WSW",24.8472,225.531697916667,955
2022-07-10,0,13.88,-0.38,74.3370833333333,92.8,39.96,645.520833333333,647.2,643.7,260.7,"W",25.9704,233.114708333333,915
2022-07-11,0,16.41,-1.332,62.0910416666667,93.9,11.2,644.4,646.2,642.6,251.4,"WSW",25.344,232.697583333333,895
2022-07-12,0,14.18,-3.439,71.3636458333333,96.3,38.13,645.216666666667,647,643.4,249.2,"WSW",23.454,209.333791666667,847
2022-07-13,0,14.15,3.239,78.7579166666667,99.4,45.6,644.1,645.2,642.8,295.2,"WNW",22.5144,204.915333333333,978
2022-07-14,0,16.16,-1.859,62.9364583333333,91.1,22.28,643.565625,644.7,642.1,272.1,"W",23.6016,223.4190625,884
2022-07-15,0,15.26,-1.009,53.2465625,83.5,21.77,643.2625,644.8,641.7,345.9,"N",21.078,169.253875,933
2022-07-16,0,16.34,-1.544,49.1208541666667,89.3,5.51,644.453125,646.7,643,311.8,"NW",22.5792,231.267364583333,889
2022-07-17,0,11.91,-1.879,81.1320833333333,94.3,59.21,646.072916666667,647.7,644.8,220.8,"SW",24.3684,177.4738125,1026
2022-07-18,0,13.96,-1.859,75.3819791666667,94.5,42.05,647.802083333333,649.5,646.7,255.2,"W",24.5124,237.207833333333,879
2022-07-19,0,15.47,-3.216,52.0126041666667,78.72,25.39,648.389583333333,649.5,646.9,251.5,"WSW",21.3336,249.9185625,890
2022-07-20,0,17.93,-5.689,29.37609375,52.1,6.342,647.048958333333,648.5,645.2,271.6,"W",17.4528,250.021802083333,915
2022-07-21,0,17.27,-5.913,24.3601770833333,45.77,5.296,646.495833333333,647.8,644.8,248.6,"WSW",19.9332,244.29003125,925
2022-07-22,0,17.46,-5.952,26.3889479166667,61.45,7.845,645.680208333333,647.2,643.9,151,"SSE",19.3032,254.158260416667,917
2022-07-23,0,15.33,-4.402,44.3994791666667,86,12.94,645.15625,646.4,643.6,273.7,"W",22.392,251.542197916667,910
2022-07-24,0,17.34,-3.692,56.4938541666667,91.1,10.51,645.308333333333,646.8,643.9,280,"W",24.4332,251.35834375,910
2022-07-25,0,13.67,-2.386,65.9872916666667,93.6,24.08,646.457291666667,647.8,645,274.1,"W",27.8604,241.053052083333,890
2022-07-26,0,14.56,-3.541,55.3452083333333,85.4,23.78,647.26875,648.9,646.1,245,"WSW",24.5124,256.177208333333,910
2022-07-27,0,17.6,-6.034,37.968375,68.35,5.662,647.870833333333,649.2,646.1,252.6,"WSW",27.1908,260.302010416667,938
2022-07-28,0,19.26,-5.466,31.000625,65.29,4.107,646.901041666667,648.3,644.9,250.5,"WSW",23.31,262.34384375,940
2022-07-29,0,16.67,-2.973,53.5683333333333,89.1,20.79,646.284375,648,644.2,252.4,"WSW",20.9556,254.843104166667,920
2022-07-30,0,19.86,-2.69,38.485,77.14,9.84,645.504166666667,646.8,643.9,251.6,"WSW",22.068,259.6848125,925
2022-07-31,0,18.41,-2.851,27.6086979166667,45.93,7.588,645.539583333333,646.7,643.9,257.9,"W",25.2612,261.420552083333,937
2022-08-01,0,16.98,-3.52,44.7741666666667,88,12.32,644.93125,646.2,643.5,235.7,"WSW",21.5388,260.8124375,930
2022-08-02,0,15.15,-3.094,55.9630208333333,89,18.5,644.38125,645.4,643,283.4,"W",24.0804,255.224083333333,928
2022-08-03,0,14.01,-0.442,73.5254166666667,93,36.86,644.147916666667,645.3,642.6,314.1,"NW",26.1828,252.227583333333,970
2022-08-04,0,13.78,-2.81,68.0001041666667,91.2,30.88,644.829166666667,646,643.4,242.2,"WSW",27.0144,246.5490625,920
2022-08-05,0.8,12.14,3.906,85.1005208333333,96.8,58.18,644.247916666667,645.6,642.4,223.6,"SW",22.7088,147.87128125,1158
2022-08-06,6.4,10.12,1.844,83.899375,98.9,65.33,644.0375,645.7,642.5,256.2,"W",21.5928,155.89340625,1259
2022-08-07,0,10.46,1.156,66.8657291666667,92,40.15,644.348958333333,645.6,642.7,248.8,"WSW",25.7724,108.088083333333,700.7
2022-08-08,3.2,11.6,1.976,78.93625,97.7,52.02,644.865625,646.4,643.1,269.2,"W",21.402,157.25115625,1049
2022-08-09,0.2,13.6,1.652,56.6309375,90.1,29.85,646.60625,649.7,644.8,252.4,"WSW",33.12,272.852822916667,986
2022-08-10,0,13.4,-2.132,71.0051041666667,92.1,34.69,648.051041666667,649.8,646.2,279.7,"W",21.402,272.402572916667,961
2022-08-11,0,18.36,-4.534,40.0009270833333,90.7,5.72,646.889583333333,648.1,645.5,98.6,"E",22.1724,282.3335625,1000
2022-08-12,0,17.63,-5.628,30.45103125,58.5,4.598,646.578125,648.1,644.9,319.9,"NW",21.1788,287.451145833333,998
2022-08-17,0,16.37,-1.554,62.4811458333333,91.6,15.69,642.469791666667,644.5,640.5,260.5,"W",32.292,282.088854166667,980
2022-08-18,0,14.15,-3.267,43.3664791666667,89.6,4.282,645.159375,647.7,643.7,62.82,"ENE",25.1316,288.39396875,981
2022-08-19,0,9.3,-1.22,79.2311458333333,89,54.03,647.117708333333,648.8,645.8,253.8,"WSW",24.5952,184.400052083333,1345
2022-08-20,0,13.79,-5.516,55.7405208333333,98.3,13.68,646.652083333333,647.9,645,252.2,"WSW",24.6492,289.51021875,1011
2022-08-21,0,13.03,-5.264,61.7097916666667,85.8,24.52,646.508333333333,647.8,644.9,267.4,"W",27.1584,284.147854166667,1021
2022-08-22,0,14.19,-5.091,70.596875,97.1,21.39,645.533333333333,647.4,643.4,315.4,"NW",23.58,292.909416666667,1011
2022-08-23,0,14.93,-4.23,60.8732291666667,99.9,23.83,645.732291666667,647.3,644.1,251,"WSW",24.408,294.552197916667,1026
2022-08-24,0,17.04,-3.418,50.7074583333333,78.59,6.352,646.890625,648.2,645.1,258,"W",24.0444,296.18909375,1021
2022-08-25,0,17.05,-3.176,48.3348958333333,76.35,8.93,646.73125,647.8,645,212.1,"SSW",24.8652,295.941208333333,1016
2022-08-26,0,16.77,-2.932,49.1323958333333,85.6,13.22,646.163541666667,647.6,644.5,255.2,"W",29.232,293.657041666667,1011
2022-08-27,0,18.14,-2.609,52.91,88.1,13.64,645.755208333333,647.3,644,226.6,"SW",27.3708,293.859375,1008
2022-08-28,0,12.36,-0.422,70.6565625,92,40.23,648.028125,649.7,646.7,228,"SW",25.5024,222.354145833333,1208
2022-08-29,0,12.36,-1.241,77.9948958333333,94.8,46.9,648.153125,649.1,646.9,251.1,"WSW",22.9392,271.552895833333,1264
2022-08-30,0,14.81,0.752,75.9184375,95.5,41.59,646.71875,648.5,644.7,181.3,"S",25.3728,299.64515625,1228
2022-08-31,0,16.95,-1.494,69.6405208333333,94.7,28.37,645.558333333333,647.2,643.5,242.8,"WSW",22.7736,284.153635416667,1076
2022-09-01,0,18.18,1.48,66.8172916666667,95.8,28.33,644.036458333333,645.5,642.4,286.4,"WNW",30.096,291.287572916667,1038
2022-09-02,1.4,9.68,-0.159,85.300625,98.7,64.26,645.990625,647.2,644.5,289.8,"WNW",20.9448,153.6953125,1184
2022-09-03,0.6,9.81,3.714,89.5811458333333,100,71.77,646.144791666667,647.6,644.8,240.7,"WSW",20.79,113.497854166667,1447
2022-09-04,0,14.89,1.804,75.3953125,97.4,39.83,645.669791666667,647,643.8,263.2,"W",26.3556,280.79,1100
2022-09-05,0,11.67,1.137,77.5292708333333,98.6,51.14,646.105208333333,647.5,644.6,255.6,"W",26.514,272.171479166667,1196
2022-09-06,0,15.61,-4.006,62.8817708333333,91.4,19.41,646.380208333333,647.8,644.7,263.5,"W",24.75,321.9205625,1087
2022-09-07,0,18.63,-3.48,51.6719791666667,89,9.53,645.138541666667,647.1,643,296.2,"WNW",29.052,322.1418125,1084
2022-09-08,0,18.31,-1.697,50.03125,87.6,19.37,644.08125,645.4,642.5,261,"W",22.6656,312.8448125,1061
2022-09-09,0,16.75,-0.644,61.7019791666667,95.1,25.78,645.76875,648.3,644.3,287.9,"WNW",24.156,309.4160625,1064
2022-09-10,0,13.79,3.927,77.7757291666667,96.4,52.79,647.073958333333,648.3,645.8,259.2,"W",22.338,214.2109375,1370
2022-09-11,0,17.28,2.896,72.7039583333333,95.7,37.19,645.61875,647.7,643.6,261.1,"W",30.06,313.220541666667,1064
2022-09-12,0,14.81,-0.654,69.7739583333333,93.8,33.15,644.555208333333,646.2,643,324.3,"NW",26.6292,226.166489583333,1195
2022-09-13,0,14.37,5.108,82.6128125,97.4,51.52,644.016666666667,645.2,642.2,284.5,"W",21.9456,161.466052083333,1234
2022-09-14,25.8,7.208,1.48,96.1113541666667,100,79.19,645.370833333333,646.8,643.8,280.3,"W",20.9844,62.5094166666667,523.8
2022-09-15,0.8,14.27,3.461,83.4701041666667,100,37.22,645.833333333333,647.2,644.1,288.5,"WNW",22.5324,277.25603125,1330
2022-09-16,0.2,16.67,1.156,81.3020833333333,100,32.64,645.709375,647.1,644,218,"SW",24.0264,224.010354166667,1263
2022-09-17,0,17.16,0.641,73.6366666666667,97.8,29.3,644.817708333333,646.3,643.2,273.9,"W",25.578,319.41028125,1112
2022-09-18,0,16.83,1.611,72.2304166666667,93.6,40.27,644.3875,645.5,642.9,329.6,"NNW",22.122,279.340479166667,1160
2022-09-19,0,17.39,-1.009,64.5602083333333,93.7,9.99,644.723958333333,646,643.2,247.7,"WSW",26.964,332.297572916667,1119
2022-09-20,0,17.17,1.763,73.8696875,99.5,34.56,644.722916666667,646.4,643.1,252.1,"WSW",24.642,288.2668125,1137
2022-09-21,0,18.74,1.258,70.890625,99.4,23.39,644.45,645.9,642.8,231.6,"SW",24.5736,332.238291666667,1129
2022-09-22,0,13.53,-0.594,76.0403125,94.6,49.44,645.647916666667,647.5,643.5,232.2,"SW",25.1496,268.043291666667,1133
2022-09-23,0,18.73,0.975,68.9775,95.4,13.85,644.827083333333,646.5,642.6,272.6,"W",26.7552,326.713625,1155
2022-09-24,0,16.08,3.159,62.9071875,85.7,39.33,644.45,645.6,642.9,249.3,"WSW",26.6076,311.18240625,1243
2022-09-25,0,14.59,3.674,63.3057291666667,86.6,29.38,643.897916666667,645.2,642.4,264,"W",23.4684,255.796875,1261
2022-09-26,0,12.04,0.813,76.8325,97.8,62.32,645.033333333333,646.4,643.8,276.3,"W",28.6524,225.3794375,1608
2022-09-27,0,15.75,2.512,71.3146875,91,39.45,644.945833333333,646.2,643.3,289.7,"WNW",24.102,282.622125,1319
2022-09-28,0,16.33,0.448,71.3092708333333,97.3,29.81,644.851041666667,646.4,642.7,252.7,"WSW",27.666,298.85115625,1205
2022-09-29,0,14.11,2.541,75.7490625,93.7,43.14,643.977083333333,645.7,642.1,251,"WSW",25.6356,293.997072916667,1304
2022-09-30,0,14.99,-1.646,68.32875,91.8,33.81,645.566666666667,647,644.7,208,"SSW",25.83,278.004520833333,1261
2022-10-01,0,14.92,-0.34,76.3173958333333,97.9,29.3,646.496875,648,645.4,266.3,"W",28.548,308.320864583333,1160
2022-10-02,0,14.11,1.925,74.85375,93.8,44.61,647.23125,648.5,645.9,185,"S",28.2168,343.124427083333,1168
2022-10-03,0,16.67,5.502,71.8764583333333,93.5,40.24,645.928125,648.1,643.1,288.9,"WNW",24.6312,259.2101875,1355
2022-10-04,0,16.65,2.026,70.8676041666667,95.4,28.45,644.21875,645.9,642.3,271.5,"W",25.6356,277.692125,1221
2022-10-05,1.6,15.35,1.48,67.1061458333333,90.6,22.7,643.354166666667,644.9,641.5,255.1,"W",22.266,269.61171875,1392
2022-10-06,0,17.65,1.045,45.4921875,84.7,9.01,644.708333333333,646.9,642.5,247.2,"WSW",23.796,310.105208333333,1390
2022-10-07,0,17.3,1.702,54.1493645833333,86,6.175,645.155208333333,646.9,642.8,244.8,"WSW",29.988,338.705354166667,1203
2022-10-08,0,20.04,-2.345,55.268125,88.6,7.766,643.532291666667,645.4,641.3,263.8,"W",29.592,326.225385416667,1238
2022-10-09,0,15.5,0.286,69.1883333333333,93.8,37.21,644.689583333333,646.2,643,242.9,"WSW",27.6696,354.90528125,1352
2022-10-10,0,17.48,4.956,58.334375,91.7,27.14,644.346875,645.8,641.9,222.4,"SW",28.6164,335.507375,1226
2022-10-11,0,16.53,-2.345,44.3873958333333,86.9,13.95,644.795833333333,646.2,642.8,275.1,"W",26.2656,365.397895833333,1185
2022-10-12,0,16.18,-1.272,59.9139583333333,85.3,17.52,643.708333333333,645.4,641.3,264.1,"W",27.0432,337.104145833333,1344
2022-10-13,0,14.31,-1.726,56.8320833333333,88.9,13.46,644.175,646.5,642.4,304.1,"WNW",30.492,325.708875,1276
2022-10-14,0,14.22,1.41,75.3520833333333,93,41.03,646.226041666667,647.7,644.7,228.9,"SW",25.3152,280.026677083333,1436
2022-10-15,0,14.53,3.138,79.95375,99.3,46.63,646.922916666667,648.3,645.9,250.7,"WSW",29.592,297.483958333333,1395
2022-10-16,0,13.59,4.068,77.3423958333333,95.3,52.04,646.095833333333,647.5,644.4,6.027,"N",26.676,272.3090625,1401
2022-10-17,0,11.27,3.422,84.9990625,97,67.17,645.260416666667,646.6,643.5,243.6,"WSW",21.7728,208.495822916667,1148
2022-10-18,0,14.76,2.754,77.8779166666667,96.4,50.97,645.640625,647.3,643.7,245.7,"WSW",24.6492,267.04240625,1353
2022-10-19,0,18.21,4.008,66.986875,96,32.67,645.192708333333,647.1,643,280,"W",26.3304,356.746635416667,1415
2022-10-20,0,17.77,0.276,49.4715625,87.1,19.58,644.191666666667,645.8,642,301.8,"WNW",26.7228,289.624708333333,1294
2022-10-21,0,16.83,2.481,74.9841666666667,95.1,40.96,643.726041666667,645.3,641,248.9,"WSW",26.6184,343.578322916667,1397
2022-10-22,0,14.73,3.704,76.5315625,93.6,51.25,644.988541666667,647.5,643.5,266.6,"W",27.8784,290.540552083333,1436
2022-10-23,0,13.93,3.775,75.769375,94.7,40.35,646.359375,648,644.7,269.2,"W",26.4672,265.512125,1310
2022-10-24,0,17.64,2.683,68.9272916666667,95.7,25.53,646.160416666667,648,644.3,274.4,"W",25.8264,295.228729166667,1478
2022-10-25,0.2,15.52,0.346,72.9813541666667,95.8,31.91,645.455208333333,646.8,643.9,93.2,"E",31.428,236.695989583333,1170
2022-10-26,0,20.76,1.734,67.1471875,99.5,14.64,644.422916666667,645.6,642.8,253.2,"WSW",30.6,322.37265625,1392
2022-10-27,0,15.74,4.654,76.3770833333333,94.1,44.57,644.55625,646.1,642.6,280.2,"W",26.0244,265.869166666667,1216
2022-10-28,0,20.23,3.148,64.3213541666667,92.2,19.01,644.463541666667,645.9,642.9,287.8,"WNW",26.6076,295.136854166667,1415
2022-10-29,0,15.87,0.174,69.7522916666667,94.5,37.83,643.58125,645.3,641.7,249.8,"WSW",26.5536,351.455208333333,1335
2022-10-30,0,19.47,2.693,71.4608333333333,97,19.62,642.259375,643.7,640.5,237.2,"WSW",26.1792,331.387239583333,1324
2022-10-31,0,17.49,1.702,70.7791666666667,96.2,42.4,643.920833333333,645.9,642.2,251.9,"WSW",31.5,330.7205,1243
2022-11-01,0,16.92,3.401,75.0790625,98.7,39.23,645.371875,648.2,643.8,257.3,"W",27.5256,316.058958333333,1324
2022-11-02,0,16.63,-0.3,70.709375,92.1,37.21,647.061458333333,648.5,645.2,249.9,"WSW",28.7136,392.215416666667,1289
2022-11-03,0,19.86,-0.138,52.2893958333333,75.38,7.462,646.551041666667,648,644.5,265.3,"W",27.8352,349.269875,1210
2022-11-04,0,17.12,-0.746,50.6007291666667,74.13,19.6,645.08125,646.9,642.8,251.1,"WSW",28.548,337.96228125,1256
2022-11-05,0,18.56,-0.928,47.5002083333333,77.26,8.24,644.321875,646,642.2,296.1,"WNW",27.4896,351.59353125,1208
2022-11-06,0,15.17,-1.535,59.0488541666667,87.7,18.14,645.228125,646.9,643.6,239.2,"WSW",30.384,349.58,1246
2022-11-07,0,13.02,-0.188,76.8844791666667,96.6,40.97,645.492708333333,647.1,643.9,276.4,"W",27.666,238.286145833333,1198
2022-11-08,0,13.71,2.693,79.3307291666667,98,56.54,645.463541666667,647.1,643.7,261.9,"W",27.7236,340.196572916667,1325
2022-11-09,0.8,15.32,2.39,77.2764583333333,91.1,45.53,644.553125,646,642.4,277.9,"W",32.364,354.513020833333,1216
2022-11-10,0.2,16.14,1.986,67.08125,92.1,17.05,644.179166666667,645.6,642.3,278.7,"W",28.566,350.470197916667,1387
2022-11-11,0,16.71,1.844,68.2008333333333,93.9,17.69,643.955208333333,645.5,641.4,228.7,"SW",27.4608,371.646739583333,1322
2022-11-12,0,17.67,1.884,62.5095833333333,95.2,24.64,643.3,644.9,641.3,265.5,"W",29.52,342.584239583333,1304
2022-11-13,0,19.51,-0.482,36.80759375,87.8,5.318,643.201041666667,645.2,641.3,284.5,"W",27.2016,377.099989583333,1286
2022-11-14,0,16.81,0.448,64.3460416666667,92.2,31.31,645.165625,647,643.2,80.4,"E",27.9072,249.937270833333,1161
2022-11-15,0,19.46,4.39,63.2941666666667,92.1,17.47,646.9,648.8,645.3,262.7,"W",29.304,328.913114583333,1382
2022-11-16,0,19.6,3.987,59.2045833333333,93.2,15.38,648.070833333333,649.3,646.5,87.8,"E",34.776,365.590395833333,1213
2022-11-17,0,21.24,-1.879,41.0340208333333,89.5,6.186,647.158333333333,648.6,645.2,20.7,"NNE",35.46,357.295604166667,1225
2022-11-18,0,18.5,-0.442,48.2125,85,14.24,646.185416666667,647.8,644.2,253.1,"WSW",25.1316,291.2273125,1304
2022-11-19,0.8,16.91,3.179,74.1903125,94.2,28.49,644.977083333333,646.2,643.5,244.8,"WSW",30.456,167.330739583333,1213
2022-11-20,0.2,19.06,1.824,74.1367708333333,94,28.26,643.163541666667,644.7,641.9,246.5,"WSW",30.24,275.291447916667,1283
2022-11-21,0.2,14.83,5.946,79.9969791666667,96.1,55.32,643.76875,646.4,641.7,276.8,"W",24.8184,163.715604166667,1381
2022-11-22,0,14.24,4.734,77.170625,89.8,57.92,644.589583333333,646.2,642.6,271.8,"W",25.938,213.717,1340
2022-11-23,1,13.73,5.724,78.6013541666667,98.1,47.97,645.088541666667,647.1,643.6,114.6,"ESE",31.356,149.910520833333,999
2022-11-24,0,16.04,3.765,56.5916666666667,86.2,27.19,645.927083333333,648,644.4,306.6,"NW",25.3656,275.19875,1446
2022-11-25,0,17.08,3.846,65.2104166666667,86,33.04,647.230208333333,648.5,645.6,91.6,"E",25.2972,288.468958333333,1385
2022-11-26,0,16.79,3.502,56.9003125,86.7,13.62,647.216666666667,648.5,645.8,50.64,"NE",27.3312,292.039572916667,1365
2022-11-27,0,18.7,1.5,50.2841666666667,84.8,19.54,646.847916666667,648.3,645,98.3,"E",28.278,349.379854166667,1183
2022-11-28,0.2,17.91,2.997,59.9094791666667,88.8,16.91,644.472916666667,646.5,642.1,83,"E",25.7652,316.481375,1198
2022-11-29,13.2,14.95,3.26,79.2857291666667,96,43.1,642.464583333333,644.5,640.1,246.9,"WSW",24.0084,166.686010416667,1039
2022-11-30,0,17.7,2.481,70.9559375,95.9,20.51,640.913541666667,642.8,638.8,277.4,"W",29.016,303.7898125,1304
2022-12-01,6.2,15.68,2.552,73.3085416666667,96.8,21.48,641.375,644.1,638.9,247.3,"WSW",24.93,318.760666666667,1325
2022-12-02,2,11.16,2.512,84.3466666666667,98,59.61,642.817708333333,644.2,641.3,246.4,"WSW",27.4608,281.656520833333,1401
2022-12-03,0,14.99,4.411,79.54375,96.6,43.25,643.327083333333,644.5,641.7,260,"W",24.714,286.610104166667,1401
2022-12-04,4.8,14.08,4.128,82.4111458333333,96,51.42,643.926041666667,645.3,642.2,113.3,"ESE",26.4996,195.70653125,1327
2022-12-05,2.6,13.26,3.532,71.2163541666667,95.3,44.9,644.6625,646,642.7,70.03,"ENE",27.3996,200.677645833333,1206
2022-12-06,10,6.784,3.522,87.8067708333333,95.6,72.59,645.682291666667,647.4,643.8,84.4,"E",24.084,84.279375,463.1
2022-12-07,20,12.54,1.096,90.2533333333333,99.4,64.98,646.414583333333,648.2,644.6,260.1,"W",15.3936,150.05075,1030
2022-12-08,2.2,15.46,3.27,84.0332291666667,100,50.88,645.322916666667,646.7,643.3,270.2,"W",22.302,158.687916666667,1181
2022-12-09,0,15.9,3.664,77.1558333333333,95.2,42.66,645.354166666667,646.9,643.7,91.1,"E",27.882,185.980125,1613
2022-12-10,8.8,18.7,3.522,75.4058333333333,94.8,37.67,645.572916666667,647.9,643.9,82.6,"E",21.3372,229.947802083333,1284
2022-12-11,12.4,11.67,1.692,88.59625,98.5,66.91,645.542708333333,648.1,643.1,261.2,"W",15.9984,106.81709375,475.6
2022-12-12,5.8,13.91,4.976,83.1986458333333,100,40.46,644.323958333333,645.6,643,85.9,"E",18.6408,139.906677083333,1154
2022-12-13,4.2,11.67,6.966,82.6347916666667,96.4,58.13,645.48125,647,644.1,90,"E",24.2388,117.05375,1082
2022-12-14,9,14.82,6.733,82.2766666666667,96.5,56.04,645.461458333333,646.7,643.5,96.7,"E",21.8736,163.527395833333,1176
2022-12-15,0,17.37,7.278,67.1319791666667,90.3,36.38,645.051041666667,646.9,643.2,105.6,"ESE",31.968,358.05615625,1296
2022-12-16,1.8,15.1,4.3,81.6786458333333,100,55.67,644.366666666667,646.3,642.3,252.6,"WSW",23.5332,245.92353125,1375
2022-12-17,0.2,16.07,4.956,84.3029166666667,100,55.07,641.86875,643.5,639.9,291,"WNW",27.6876,357.16815625,1355
2022-12-18,11,14.85,5.219,83.3466666666667,100,60.02,642.459375,644.9,641,243.5,"WSW",26.9604,343.585208333333,1451
2022-12-19,11.4,13.33,4.694,88.5084375,98.2,63.22,644.266666666667,646,642.4,99.9,"E",21.69,157.395854166667,1044
2022-12-20,3.8,13.95,2.855,84.4397916666667,100,51.4,645.209375,646.5,643.6,260.4,"W",22.1796,216.523354166667,1583
2022-12-21,0.6,15.32,5.664,85.7469791666667,98.4,46.56,645.392708333333,646.6,643.7,273.9,"W",24.4476,173.41115625,1492
2022-12-22,2.2,17.57,4.876,80.36,99.3,38.32,645.154166666667,646.6,642.9,273.9,"W",31.464,266.029677083333,1330
2022-12-23,1.6,17.77,4.452,82.325,97.5,44.05,644.498958333333,646,642.4,42.29,"NE",22.014,227.773677083333,1415
2022-12-24,0.2,19.15,2.896,72.5876041666667,100,14.68,643.398958333333,644.9,641.2,49.42,"NE",33.156,373.625635416667,1365
2022-12-25,0,14.67,5.3,75.2901041666667,97.5,43.25,644.501041666667,646.3,643.1,254,"WSW",24.6852,237.1809375,1375
2022-12-26,0,14.53,2.654,80.2134375,93.1,61.09,644.773958333333,646.2,642.9,242,"WSW",28.5408,347.213302083333,1300
2022-12-27,0,16.83,3.724,77.5254166666667,95.8,41.59,644.764583333333,645.8,643.1,267.2,"W",29.52,379.821052083333,1312
2022-12-28,2.4,17.4,5.684,81.4048958333333,98,39.4,645.428125,647.1,643.8,261.1,"W",24.4548,240.8569375,1476
2022-12-29,5.8,14.11,6.532,88.7913541666667,99,53.71,645.86875,647.2,644.4,316.2,"NW",20.6388,144.42071875,804
2022-12-30,0.2,14.85,6.128,79.839375,97.5,59.56,645.495833333333,646.8,643.2,251.7,"WSW",25.0848,250.9509375,1482
2022-12-31,1.2,14.72,3.825,82.5805208333333,96.2,59.66,645.584375,646.9,643.2,248.7,"WSW",21.3156,175.921072916667,1446
2023-01-01,0,17.4,6.29,83.0738541666667,96.8,47.76,645.177083333333,646.7,643.2,267.8,"W",20.1492,200.669489583333,1390
2023-01-02,1.6,13.39,6.43,83.2546875,97.6,62.21,644.833333333333,646.3,643.4,111.8,"ESE",21.0384,113.414895833333,485.5
2023-01-03,1,15.24,6.36,84.1422916666667,96.3,59.01,643.161458333333,644.5,641.2,276.7,"W",28.0224,187.3040625,1185
2023-01-04,2.8,12.45,3.966,84.6859375,97.7,69.41,644.532291666667,646.8,642.8,279.1,"W",25.7544,140.78025,1165
2023-01-05,7,11.03,4.482,84.433125,97.5,65.68,645.4125,646.5,644.2,280.7,"W",20.3868,130.000041666667,1300
2023-01-06,11.8,11.59,4.886,86.6779166666667,95.2,70.87,645.858333333333,647.1,644.4,223.9,"SW",19.3176,176.948677083333,1371
2023-01-07,0,14.63,5.25,80.1647916666667,97.5,48.07,646.701041666667,647.9,645.3,237.3,"WSW",18.3636,172.85165625,1155
2023-01-08,2.4,13.95,5.604,92.3415625,100,64.53,646.486458333333,647.9,644.7,264.8,"W",22.7016,168.075635416667,1557
2023-01-09,10.2,14.93,5.604,87.5970833333333,99.1,61.9,645.233333333333,646.3,643.6,182.9,"S",22.626,233.6010625,1403
2023-01-10,0.2,15.47,4.532,85.0901041666667,99.5,56.96,645.058333333333,646.8,643.6,263.5,"W",22.0608,267.681354166667,1444
2023-01-11,1.2,17.62,3.816,74.5395833333333,95.8,39.01,646.370833333333,647.8,644.7,254.5,"WSW",26.9892,214.956041666667,1251
2023-01-12,5.6,16.57,2.39,76.8605208333333,93.8,37.44,645.391666666667,647.6,642.9,111.9,"ESE",26.3376,240.97959375,1385
2023-01-13,1.4,17.69,2.612,76.5566666666667,95.2,23.87,643.307291666667,644.8,641.7,261.3,"W",23.1732,238.876760416667,1309
2023-01-14,0,15.52,3.26,71.8384375,95.1,29.09,644.197916666667,646.2,642.9,285.9,"WNW",20.9628,208.953666666667,956
2023-01-15,0,17.78,0.975,63.1679166666667,88.9,22.79,645.608333333333,646.9,644.1,264.2,"W",23.5548,326.5633125,1281
2023-01-16,0,17.38,2.471,73.3909375,94.4,25.29,645.28125,646.7,643,338.3,"NNW",30.564,309.493916666667,1319
2023-01-17,0,15.89,3.906,62.9189583333333,87.4,38.17,645.585416666667,647,643.6,26.94,"NNE",21.726,288.694395833333,1324
2023-01-18,0.6,14.19,4.835,71.9592708333333,87.8,44.17,646.76875,648.6,645.7,92.6,"E",30.996,215.943333333333,1515
2023-01-19,17.2,10.01,4.573,87.818125,93.4,71.35,647.641666666667,649.6,646.3,92.8,"E",25.2252,101.7534375,951
2023-01-20,1.8,14.6,2.46,82.155,99.5,52.61,645.963541666667,648.2,643.7,260.6,"W",18.1584,260.21565625,1381
2023-01-21,0.2,17.05,1.42,75.2722916666667,100,36.65,644.044791666667,645.4,642.4,293.8,"WNW",21.8808,280.90846875,1375
2023-01-22,0,16.47,7.056,70.9661458333333,97.5,47.68,644.657291666667,645.9,643.1,277.6,"W",23.292,297.689479166667,1380
2023-01-23,0,16.4,7.056,74.6170833333333,97.8,45.81,645.326041666667,646.7,643.4,241.3,"WSW",22.428,256.513125,1425
2023-01-24,0,16.48,6.512,78.9147916666667,94.6,48.2,644.446875,646.1,642.3,272.9,"W",23.9328,207.39209375,1263
2023-01-25,0,17.03,7.864,71.9907291666667,95,44.19,643.985416666667,645.5,642.1,120.4,"ESE",24.1272,206.301875,1448
2023-01-26,3.2,15.76,5.583,82.5207291666667,97.7,55.18,644.008333333333,645.9,641.5,79.39,"E",18.4392,157.184895833333,725.9
2023-01-27,0,15.48,5.078,73.0310416666667,91.5,43.15,644.338541666667,646.1,642.8,113.5,"ESE",27.6948,213.131260416667,847
2023-01-28,0.6,13.81,6.623,74.4194791666667,86.5,59.43,645.333333333333,647.1,643.8,47.88,"NE",32.508,138.0820625,1016
2023-01-29,6.6,11.19,6.613,86.883125,98,75.27,645.364583333333,646.6,644,99.4,"E",24.2316,90.4917708333333,687.9
2023-01-30,4.6,11.69,6.804,91.9748958333333,99.4,78.3,644.1,645.6,642.3,230.4,"SW",18.0288,122.7515625,553.9
2023-01-31,0,14.63,5.986,80.5833333333333,98.8,55.69,644.220833333333,646,643,99.7,"E",28.242,175.823145833333,1219
2023-02-01,0.4,14.89,5.34,72.8329166666667,93.1,45.82,645.46875,647.1,643.4,120.2,"ESE",25.8084,307.7340625,1453
2023-02-02,1.4,11.29,6.43,81.6865625,97,61.87,645.765625,647.1,644.1,60.63,"ENE",22.2192,100.722395833333,541.2
2023-02-03,10.6,13.63,5.462,90.4303125,99,64.33,646.023958333333,647.5,644.3,257.1,"W",21.3444,177.680333333333,1482
2023-02-04,4.4,10.49,4.835,93.6657291666667,99.9,78.93,646.390625,647.9,644.4,256.2,"W",25.5312,224.68459375,1280
2023-02-05,3.2,12.02,4.594,94.7402083333333,99.4,77.12,645.948958333333,647.8,643.8,272.2,"W",19.6056,197.891291666667,1280
2023-02-06,0.2,12.66,4.604,88.303125,98.9,68.94,644.961458333333,646.2,643.5,241.7,"WSW",23.6484,291.926895833333,1476
2023-02-07,5.8,14.21,6.29,87.2875,100,62.51,645.380208333333,647.2,643.8,251.6,"WSW",23.76,277.232395833333,1560
2023-02-08,7,11.69,6.007,91.8760416666667,98.5,82.8,645.420833333333,646.8,643.6,290.2,"WNW",21.168,154.098041666667,1416
2023-02-09,3,14.98,5.562,85.6523958333333,97.8,58.86,645.855208333333,647.3,644,301.6,"WNW",19.9584,189.649166666667,1254
2023-02-10,10.8,12.26,5.18,89.9244791666667,99.1,65.91,645.9125,647.1,644.5,92.8,"E",24.03,116.71134375,692.9
2023-02-11,0.2,13.92,6.269,88.055625,99.4,66.04,645.694791666667,647.1,643.9,85.8,"E",20.3328,156.51165625,1502
2023-02-12,8.6,16.2,5.814,82.5532291666667,99,50.33,645.132291666667,646.9,643,247.9,"WSW",21.9456,268.9221875,1433
2023-02-13,1.8,15.47,7.278,80.9530208333333,99.3,55.44,644.858333333333,646.2,643.2,92.5,"E",17.5212,213.316552083333,1527
2023-02-14,0.8,15.54,6.582,85.51125,98.7,60.14,644.945833333333,646.8,642.8,279.8,"W",19.962,217.0953125,1335
2023-02-15,5.4,14.85,6.189,87.9783333333333,99.7,57.94,644.757291666667,646.4,642.4,249.7,"WSW",18.0324,160.757104166667,1254
2023-02-16,5,18.75,6.158,75.5991666666667,96.9,38.13,642.247916666667,644.5,640,251.6,"WSW",22.6332,285.726604166667,1370
2023-02-17,15.8,15.27,4.997,86.7720833333333,99.5,54.74,642.761458333333,645.5,641.5,275.2,"W",25.8732,241.237520833333,1289
2023-02-18,18.8,11.76,1.42,92.358125,100,77.79,644.69375,646,643.3,246.2,"WSW",21.0672,226.379166666667,1370
2023-02-19,0,13.69,5.3,87.7572916666667,100,55.07,644.285416666667,645.5,643.1,233.3,"SW",24.2604,308.200416666667,1537
2023-02-20,0.6,13.89,5.34,83.8138541666667,100,56.72,644.80625,645.7,644,261.6,"W",24.3684,157.33946875,1264
2023-02-21,0,14.19,2.754,83.5383333333333,100,47.36,645.0375,646.5,643.7,258.5,"W",21.3372,251.752177083333,1542
2023-02-22,0,13.63,4.684,83.364375,99.3,66.54,646.078125,647.5,644.7,255.6,"W",26.5824,281.77759375,1759
2023-02-23,0,16.04,5.209,82.2580208333333,100,42.96,646.660416666667,648,645.4,229.3,"SW",24.4908,264.708541666667,1253
2023-02-24,0,15.63,5.814,81.6005208333333,99.8,55.13,646.236458333333,648,644.4,266.4,"W",24.444,230.151447916667,1239
2023-02-25,0,18.14,6.562,81.1457291666667,98.1,46.64,645.751041666667,647.6,644,264.7,"W",20.0376,281.26775,1319
2023-02-26,10.2,16.19,4.633,80.9094791666667,98.5,43.79,646.541666666667,648.1,645.3,247,"WSW",24.336,163.42240625,1294
2023-02-27,0.8,12.5,5.3,90.6067708333333,98,67.23,648.272916666667,649.8,646.7,120.2,"ESE",18.1044,119.110833333333,1092
2023-02-28,0,14.96,3.36,81.785,100,57.38,648.015625,649.4,645.8,251.1,"WSW",24.6672,371.811135416667,1309
2023-03-01,0,15.89,4.775,84.2983333333333,99.9,54.87,646.572916666667,648.2,644.5,243.8,"WSW",24.0372,281.34690625,1329
2023-03-02,1.4,16.31,3.26,80.3532291666667,96.4,53.71,644.886458333333,646.6,643,281,"W",26.0028,321.778958333333,1279
2023-03-03,0,15.83,6.43,83.04,98.7,57.84,644.916666666667,646.5,643.1,300,"WNW",26.6904,320.770947916667,1294
2023-03-04,0,15.69,3.542,79.9410416666667,95.5,56.84,646.123958333333,648.8,644.3,268.1,"W",24.4944,236.526572916667,1274
2023-03-05,0,17.03,6.016,79.1303125,95.4,45.34,647.102083333333,648.4,644.7,277.4,"W",21.9564,231.899479166667,1294
2023-03-06,0,16.91,4.209,76.1127083333333,93.6,44.71,645.911458333333,647.5,643.7,241.4,"WSW",23.8248,299.961979166667,1435
2023-03-07,0.2,16.46,4.714,81.1822916666667,97.7,49.08,645.432291666667,647.3,643.7,200.2,"SSW",20.7396,193.5358125,1152
2023-03-08,1.2,14.39,5.824,84.2582291666667,98.8,56.91,645.757291666667,647.2,643.7,259.4,"W",22.068,213.234875,925
2023-03-09,0.4,14.17,6.662,85.8409375,98.7,56.42,646.204166666667,647.7,644.9,105.4,"ESE",20.8152,145.730729166667,712.9
2023-03-10,5.4,14.69,5.976,84.4976041666667,97,57.62,646.552083333333,647.7,645,87.3,"E",32.472,178.971364583333,1476
2023-03-11,0,16.31,3.644,71.9564583333333,94.7,43.64,646.571875,648,645,146.8,"SSE",25.7076,339.035322916667,1183
2023-03-12,0,16.14,3.966,75.6469791666667,94.5,49.56,646.178125,647.5,644.5,261.9,"W",20.4336,285.83640625,1344
2023-03-14,0.6,13.45,5.624,87.784375,96.7,73.67,645.508333333333,646.8,643.8,280.9,"W",23.2956,242.665322916667,1361
2023-03-15,0.2,15.39,5.744,81.2308333333333,95.1,51.44,645.172916666667,646.6,643.8,86.5,"E",24.0912,234.338427083333,1233
2023-03-16,1.4,13.83,5.472,80.1882291666667,92.4,57.39,645.597916666667,646.9,644.1,112.7,"ESE",22.4964,177.731875,1234
2023-03-17,1.4,14.05,5.18,77.6417708333333,93.7,51.9,645.405208333333,646.9,643.5,111.6,"ESE",24.4548,187.607489583333,1254
2023-03-18,3.2,13.38,3.987,74.7752083333333,94.5,51.3,645.746875,647,644.1,111.8,"ESE",29.7,310.69684375,1527
2023-03-19,0,12.29,6.189,75.3332291666667,86.5,54.86,645.3125,646.7,643.7,132.6,"SE",25.5492,158.889791666667,682.6
2023-03-20,2.4,13.05,5.38,82.4371875,92.5,62.5,645.533333333333,647,643.8,96.2,"E",23.1084,155.079260416667,786.5
2023-03-21,0,13.42,4.805,78.9089583333333,92.8,54.56,645.827083333333,647.3,644.4,86.3,"E",28.4472,264.55796875,1320
2023-03-22,0.2,12.38,5.916,82.098125,93.4,60.29,646.001041666667,647.3,644.7,127.9,"SE",26.9424,165.245947916667,1352
2023-03-23,7.2,12.76,5.824,88.5926041666667,98.1,72.91,645.98125,647.9,644.2,106.5,"ESE",18.5976,125.018239583333,1232
2023-03-24,2,12.77,5.724,89.1647916666667,97.6,71.37,646.563541666667,647.8,645,290,"WNW",21.5028,206.281802083333,1355
2023-03-25,0,14.15,4.361,84.7155208333333,99.8,58.34,646.46875,648.1,644.9,234.8,"WSW",21.3516,219.73771875,1237
2023-03-26,9.2,14.23,3.906,85.0142708333333,97.6,57.6,647.504166666667,648.8,645.8,250.8,"WSW",20.4228,234.775385416667,1244
2023-03-27,0,13.09,3.27,87.1932291666667,98.2,62.06,647.009375,648.7,645.3,277.4,"W",21.996,179.9115625,1325
